{
  "0": {
    "x": 0.01582371026669782,
    "y": -0.43968395091806334
  },
  "1": {
    "x": 0.4662981840561544,
    "y": 0.6391133083174905
  },
  "2": {
    "x": -0.829797606439652,
    "y": -0.7076383503942294
  },
  "3": {
    "x": 1.0,
    "y": 0.3026095305834702
  },
  "4": {
    "x": 0.05339753300706773,
    "y": 0.3719942015579387
  },
  "5": {
    "x": -0.7515329869220269,
    "y": 0.7090910374994717
  },
  "6": {
    "x": 0.6676063456280872,
    "y": 0.7830109350596084
  },
  "7": {
    "x": 0.45248066773087214,
    "y": 0.038305324111315375
  },
  "8": {
    "x": -0.7706537193553039,
    "y": 0.2268534295135749
  },
  "9": {
    "x": 0.9660142767528288,
    "y": 0.29580229488538645
  },
  "10": {
    "x": 0.4132864213568397,
    "y": -0.629806346617962
  },
  "11": {
    "x": -1.0,
    "y": -0.14459472119900585
  },
  "12": {
    "x": 0.3482813107763787,
    "y": -0.8276819828970841
  },
  "13": {
    "x": 0.8580571400513788,
    "y": -0.33412269289919705
  },
  "14": {
    "x": -0.36721205935045664,
    "y": 1.0
  },
  "15": {
    "x": 0.31330073255257385,
    "y": 0.7411419442070448
  },
  "16": {
    "x": 0.014436837877124908,
    "y": -0.258768843104366
  },
  "17": {
    "x": -0.4162380674047309,
    "y": -1.0
  },
  "18": {
    "x": 0.967321948836436,
    "y": -0.38248504073669176
  },
  "19": {
    "x": 0.7330323257392135,
    "y": -0.8248107949280536
  }
}